,Feature
price_oscillator,416
MACD_3m,382
obv,359
skewness_6m,317
volume,317
skewness_3m,305
bollinger_high_6,301
CPIAUCSL,300
MACD_48m,262
kurtosis_6m,261
MACD_24m,259
momentum_diff_ROC_3m_6m,252
bollinger_low_6,243
bollinger_high_12,242
MACD_12m,233
ROC_12m,231
bollinger_low_3,223
MACD_6m,223
momentum_diff_ROC_12m_24m,210
ROC_6m,204
ADX_3m,200
skewness_24m,189
kurtosis_24m,175
BOPGSTB,174
RSI_24m,168
bollinger_low_12,159
bollinger_high_3,156
open,155
PPO_3m,153
adl,136
momentum_diff_ADX_3m_6m,128
momentum_diff_ROC_6m_12m,128
kurtosis_12m,128
ROC_48m,125
ROC_24m,118
momentum_diff_ROC_24m_48m,105
RSI_12m,100
skewness_12m,80
ADX_6m,79
ADX_12m,77
momentum_diff_RSI_24m_48m,67
RSI_6m,62
high,58
kurtosis_48m,57
bollinger_high_48,56
month,54
low,51
ADX_48m,51
RSI_3m,51
momentum_diff_RSI_6m_12m,50
momentum_diff_ADX_6m_12m,50
skewness_48m,46
momentum_diff_RSI_3m_6m,45
ADX_24m,45
RSI_48m,42
momentum_diff_RSI_12m_24m,39
PPIACO,37
close_or,35
momentum_diff_ADX_24m_48m,34
bollinger_low_24,32
PPO_6m,25
PPO_48m,25
PPO_12m,25
PPO_24m,25
ROC_3m,24
UNRATE,23
momentum_diff_ADX_12m_24m,18
bollinger_high_24,13
bollinger_low_48,12
TB3MS,12
UMCSENT,11
week_of_year,9
GDP,9
T10Y2Y,8
FEDFUNDS,6
